pair,key,title_left,title_right,true_match (y/n)
Amazon_Goodreads,death on the nile|christie,Death on the Nile (Classic Reprint),Death on the Nile,y
Amazon_Goodreads,do no harm|marsh,"Do No Harm: Stories of Life, Death, and Brain Surgery","Do No Harm: Stories of Life, Death and Brain Surgery",y
Amazon_Goodreads,one small sacrifice|davidson,"One Small Sacrifice (Shadows of New York, 1)",One Small Sacrifice,y
Amazon_Goodreads,under different stars|bartol,Under Different Stars (The Kricket Series),Under Different Stars,y
Amazon_Goodreads,dead as a doornail|harris,"Dead as a Doornail (Sookie Stackhouse/True Blood, Book 5)",Dead as a Doornail,y
Amazon_Goodreads,one second after|forstchen,"One Second After (A John Matherson Novel, 1)",One Second After,y
Amazon_Goodreads,call of the wild|london,The Call of the Wild (Enriched Classics),The Call of the Wild,y
Amazon_Goodreads,bud not buddy|curtis,"Bud, Not Buddy","Bud, Not Buddy",y
Amazon_Goodreads,kindle fire owner s manual|weber,"Kindle Fire Owner's Manual: The ultimate Kindle Fire guide to getting started, advanced user tips, and finding unlimited free books, videos and apps on Amazon and beyond","Kindle Fire Owner's Manual: The ultimate Kindle Fire guide to getting started, advanced user tips, and finding unlimited free books, videos and apps on Amazon and beyond",y
Amazon_Goodreads,hazel wood|albert,"The Hazel Wood (Hazel Wood, 1)",The Hazel Wood,y
Amazon_Goodreads,fall into temptation|score,Fall into Temptation: A Small Town Love Story (Blue Moon),Fall Into Temptation,y
Amazon_Goodreads,dawn|butler,Dawn (Xenogenesis),Dawn,y
Amazon_Goodreads,girl who loved tom gordon|king,The Girl Who Loved Tom Gordon,The Girl Who Loved Tom Gordon,y
Amazon_Goodreads,sleep no more|iles,Sleep No More,Sleep No More,y
Amazon_Goodreads,letter to a christian nation|harris,LETTER TO A CHRISTIAN NATION,Letter to a Christian Nation,y
Amazon_Goodreads,roses are red|patterson,Roses Are Red (Alex Cross),Roses are Red,y
Amazon_Goodreads,lodestar|messenger,Lodestar (5) (Keeper of the Lost Cities),Lodestar,y
Amazon_Goodreads,lady chatterley s lover|lawrence,Lady Chatterley's Lover (Penguin Clothbound Classics),Lady Chatterley's Lover,y
Amazon_Goodreads,jolly postman or other people s letters|ahlberg,The Jolly Postman Or Other People's Letters,"The Jolly Postman, or Other People's Letters",y
Amazon_Goodreads,it s in his kiss|quinn,"It's In His Kiss (Bridgerton series, Volume 7)",It's in His Kiss,y
Amazon_DBpedia,born to run|springsteen,Born to Run (Wheeler Publishing Large Print Hardcover),Born to Run (autobiography),y
Amazon_DBpedia,waylander|gemmell,Waylander,Waylander (novel),y
Amazon_DBpedia,post office|bukowski,Post Office,Post Office (novel),y
Amazon_DBpedia,last tudor|gregory,The Last Tudor (The Plantagenet and Tudor Novels),The Last Tudor,y
Amazon_DBpedia,what the dog saw|gladwell,What the Dog Saw: And Other Adventures,What the Dog Saw,y
Amazon_DBpedia,breaking history|kushner,Breaking History: A White House Memoir,Breaking History,y
Amazon_DBpedia,promise me dad|biden,"Promise Me, Dad: A Year of Hope, Hardship, and Purpose","Promise Me, Dad",y
Amazon_DBpedia,men without women|murakami,Men Without Women: Stories (Vintage International),Men Without Women (Murakami short story collection),y
Amazon_DBpedia,alexander hamilton|chernow,Alexander Hamilton,Alexander Hamilton (book),y
Amazon_DBpedia,braiding sweetgrass|kimmerer,"Braiding Sweetgrass: Indigenous Wisdom, Scientific Knowledge and the Teachings of Plants",Braiding Sweetgrass,y
Amazon_DBpedia,predictably irrational|ariely,Predictably Irrational: The Hidden Forces That Shape Our Decisions,Predictably Irrational,y
Amazon_DBpedia,west with the night|markham,West with the Night,West with the Night,y
Amazon_DBpedia,cross fire|patterson,Cross Fire,Cross Fire (novel),y
Amazon_DBpedia,under the banner of heaven|krakauer,Under the Banner of Heaven,Under the Banner of Heaven,y
Amazon_DBpedia,girl who loved tom gordon|king,The Girl Who Loved Tom Gordon,The Girl Who Loved Tom Gordon,y
Amazon_DBpedia,cloud atlas|mitchell,Cloud Atlas,Cloud Atlas (novel),y
Amazon_DBpedia,vicious circle|smith,Vicious Circle (Hector Cross),Vicious Circle (novel),y
Amazon_DBpedia,reasons to vote for democrats|knowles,Reasons To Vote For Democrats: A Comprehensive Guide,Reasons to Vote for Democrats,y
Amazon_DBpedia,behind the scenes at the museum|atkinson,Behind the Scenes at the Museum,Behind the Scenes at the Museum,y
Amazon_DBpedia,anna and the french kiss|perkins,Anna and the French Kiss,Anna and the French Kiss,y
Goodreads_DBpedia,celestial bodies|alharthi,Celestial Bodies,Celestial Bodies,y
Goodreads_DBpedia,fudge a mania|blume,Fudge-a-Mania,Fudge-a-Mania,y
Goodreads_DBpedia,physics of the impossible|kaku,Physics of the Impossible,Physics of the Impossible,y
Goodreads_DBpedia,king of the wind|henry,King of the Wind: The Story of the Godolphin Arabian,King of the Wind,y
Goodreads_DBpedia,2666|bolano,2666,2666,y
Goodreads_DBpedia,hurricane gold|higson,Hurricane Gold,Hurricane Gold,y
Goodreads_DBpedia,i married a communist|roth,I Married a Communist,I Married a Communist,y
Goodreads_DBpedia,metamagical themas|hofstadter,Metamagical Themas: Questing for the Essence of Mind and Pattern,Metamagical Themas,y
Goodreads_DBpedia,one of those hideous books where the mother dies|sones,One of Those Hideous Books Where the Mother Dies,One of Those Hideous Books Where the Mother Dies,y
Goodreads_DBpedia,and afterward the dark|copper,"And Afterward, the Dark: Seven Tales","And Afterward, the Dark",y
Goodreads_DBpedia,little fires everywhere|ng,Little Fires Everywhere,Little Fires Everywhere (novel),y
Goodreads_DBpedia,big fish|wallace,Big Fish,Big Fish: A Novel of Mythic Proportions,y
Goodreads_DBpedia,land remembered|smith,A Land Remembered,A Land Remembered,y
Goodreads_DBpedia,peter and the sword of mercy|barry,Peter and the Sword of Mercy,Peter and the Sword of Mercy,y
Goodreads_DBpedia,stranger beside me|rule,The Stranger Beside Me: Ted Bundy: The Shocking Inside Story,The Stranger Beside Me,y
Goodreads_DBpedia,bone garden|gerritsen,The Bone Garden,The Bone Garden,y
Goodreads_DBpedia,quest for lost heroes|gemmell,Quest for Lost Heroes,Quest for Lost Heroes,y
Goodreads_DBpedia,cross country|patterson,Cross Country,Cross Country (novel),y
Goodreads_DBpedia,crosstalk|willis,Crosstalk,Crosstalk (novel),y
Goodreads_DBpedia,van de koele meren des doods|eeden,Van de koele meren des doods,Van de koele meren des doods,y